message;severity;node;stamp;location
"Oh no! I hit the wall! (Clamping from [x=6.686558, y=-0.029568])";"30";"turtlesim3.sim";"1757652830.257495553";"/home/ikx/ros2_ws/src/ros_tutorials/turtlesim/src/turtle.cpp:update:288"
"Oh no! I hit the wall! (Clamping from [x=6.698794, y=-0.029568])";"30";"turtlesim3.sim";"1757652830.240854568";"/home/ikx/ros2_ws/src/ros_tutorials/turtlesim/src/turtle.cpp:update:288"
"Oh no! I hit the wall! (Clamping from [x=6.686558, y=-0.029568])";"30";"turtlesim2.sim";"1757652830.233952455";"/home/ikx/ros2_ws/src/ros_tutorials/turtlesim/src/turtle.cpp:update:288"
"Oh no! I hit the wall! (Clamping from [x=6.711031, y=-0.029568])";"30";"turtlesim3.sim";"1757652830.225376608";"/home/ikx/ros2_ws/src/ros_tutorials/turtlesim/src/turtle.cpp:update:288"
"Oh no! I hit the wall! (Clamping from [x=6.698794, y=-0.029568])";"30";"turtlesim2.sim";"1757652830.217889183";"/home/ikx/ros2_ws/src/ros_tutorials/turtlesim/src/turtle.cpp:update:288"
"Oh no! I hit the wall! (Clamping from [x=6.723268, y=-0.029568])";"30";"turtlesim3.sim";"1757652830.209474704";"/home/ikx/ros2_ws/src/ros_tutorials/turtlesim/src/turtle.cpp:update:288"
"Oh no! I hit the wall! (Clamping from [x=6.711031, y=-0.029568])";"30";"turtlesim2.sim";"1757652830.201800205";"/home/ikx/ros2_ws/src/ros_tutorials/turtlesim/src/turtle.cpp:update:288"
"Oh no! I hit the wall! (Clamping from [x=6.735504, y=-0.029568])";"30";"turtlesim3.sim";"1757652830.192924301";"/home/ikx/ros2_ws/src/ros_tutorials/turtlesim/src/turtle.cpp:update:288"
"Oh no! I hit the wall! (Clamping from [x=6.723268, y=-0.029568])";"30";"turtlesim2.sim";"1757652830.185656748";"/home/ikx/ros2_ws/src/ros_tutorials/turtlesim/src/turtle.cpp:update:288"
"Oh no! I hit the wall! (Clamping from [x=6.747741, y=-0.029568])";"30";"turtlesim3.sim";"1757652830.177487451";"/home/ikx/ros2_ws/src/ros_tutorials/turtlesim/src/turtle.cpp:update:288"
"Oh no! I hit the wall! (Clamping from [x=6.735504, y=-0.029568])";"30";"turtlesim2.sim";"1757652830.169470971";"/home/ikx/ros2_ws/src/ros_tutorials/turtlesim/src/turtle.cpp:update:288"
"Oh no! I hit the wall! (Clamping from [x=6.759978, y=-0.029568])";"30";"turtlesim3.sim";"1757652830.161347767";"/home/ikx/ros2_ws/src/ros_tutorials/turtlesim/src/turtle.cpp:update:288"
"Oh no! I hit the wall! (Clamping from [x=6.747741, y=-0.029568])";"30";"turtlesim2.sim";"1757652830.153549549";"/home/ikx/ros2_ws/src/ros_tutorials/turtlesim/src/turtle.cpp:update:288"
"Oh no! I hit the wall! (Clamping from [x=6.772215, y=-0.029568])";"30";"turtlesim3.sim";"1757652830.144588927";"/home/ikx/ros2_ws/src/ros_tutorials/turtlesim/src/turtle.cpp:update:288"
"Oh no! I hit the wall! (Clamping from [x=6.759978, y=-0.029568])";"30";"turtlesim2.sim";"1757652830.137552535";"/home/ikx/ros2_ws/src/ros_tutorials/turtlesim/src/turtle.cpp:update:288"
"Oh no! I hit the wall! (Clamping from [x=6.784451, y=-0.029568])";"30";"turtlesim3.sim";"1757652830.129224929";"/home/ikx/ros2_ws/src/ros_tutorials/turtlesim/src/turtle.cpp:update:288"
"Oh no! I hit the wall! (Clamping from [x=6.772215, y=-0.029568])";"30";"turtlesim2.sim";"1757652830.122334916";"/home/ikx/ros2_ws/src/ros_tutorials/turtlesim/src/turtle.cpp:update:288"
"Oh no! I hit the wall! (Clamping from [x=6.796688, y=-0.029568])";"30";"turtlesim3.sim";"1757652830.113341925";"/home/ikx/ros2_ws/src/ros_tutorials/turtlesim/src/turtle.cpp:update:288"
"Oh no! I hit the wall! (Clamping from [x=6.784451, y=-0.029568])";"30";"turtlesim2.sim";"1757652830.106340584";"/home/ikx/ros2_ws/src/ros_tutorials/turtlesim/src/turtle.cpp:update:288"
"Oh no! I hit the wall! (Clamping from [x=6.808925, y=-0.029568])";"30";"turtlesim3.sim";"1757652830.096620585";"/home/ikx/ros2_ws/src/ros_tutorials/turtlesim/src/turtle.cpp:update:288"
"Oh no! I hit the wall! (Clamping from [x=6.796688, y=-0.029568])";"30";"turtlesim2.sim";"1757652830.089795123";"/home/ikx/ros2_ws/src/ros_tutorials/turtlesim/src/turtle.cpp:update:288"
"Oh no! I hit the wall! (Clamping from [x=6.821161, y=-0.029568])";"30";"turtlesim3.sim";"1757652830.082779913";"/home/ikx/ros2_ws/src/ros_tutorials/turtlesim/src/turtle.cpp:update:288"
"Oh no! I hit the wall! (Clamping from [x=6.808925, y=-0.029568])";"30";"turtlesim2.sim";"1757652830.074172194";"/home/ikx/ros2_ws/src/ros_tutorials/turtlesim/src/turtle.cpp:update:288"
"Oh no! I hit the wall! (Clamping from [x=6.833398, y=-0.029568])";"30";"turtlesim3.sim";"1757652830.065107704";"/home/ikx/ros2_ws/src/ros_tutorials/turtlesim/src/turtle.cpp:update:288"
"Oh no! I hit the wall! (Clamping from [x=6.821161, y=-0.029568])";"30";"turtlesim2.sim";"1757652830.058324587";"/home/ikx/ros2_ws/src/ros_tutorials/turtlesim/src/turtle.cpp:update:288"
"Oh no! I hit the wall! (Clamping from [x=6.845635, y=-0.029568])";"30";"turtlesim3.sim";"1757652830.048680667";"/home/ikx/ros2_ws/src/ros_tutorials/turtlesim/src/turtle.cpp:update:288"
"Oh no! I hit the wall! (Clamping from [x=6.833398, y=-0.029568])";"30";"turtlesim2.sim";"1757652830.041732558";"/home/ikx/ros2_ws/src/ros_tutorials/turtlesim/src/turtle.cpp:update:288"
"Oh no! I hit the wall! (Clamping from [x=6.857871, y=-0.029568])";"30";"turtlesim3.sim";"1757652830.033302922";"/home/ikx/ros2_ws/src/ros_tutorials/turtlesim/src/turtle.cpp:update:288"
"Oh no! I hit the wall! (Clamping from [x=6.845635, y=-0.029568])";"30";"turtlesim2.sim";"1757652830.026344029";"/home/ikx/ros2_ws/src/ros_tutorials/turtlesim/src/turtle.cpp:update:288"
"Oh no! I hit the wall! (Clamping from [x=6.870108, y=-0.029568])";"30";"turtlesim3.sim";"1757652830.016934722";"/home/ikx/ros2_ws/src/ros_tutorials/turtlesim/src/turtle.cpp:update:288"
"Oh no! I hit the wall! (Clamping from [x=6.857871, y=-0.029568])";"30";"turtlesim2.sim";"1757652830.009712630";"/home/ikx/ros2_ws/src/ros_tutorials/turtlesim/src/turtle.cpp:update:288"
"Oh no! I hit the wall! (Clamping from [x=6.882345, y=-0.029568])";"30";"turtlesim3.sim";"1757652830.001105524";"/home/ikx/ros2_ws/src/ros_tutorials/turtlesim/src/turtle.cpp:update:288"
"Oh no! I hit the wall! (Clamping from [x=6.870108, y=-0.029568])";"30";"turtlesim2.sim";"1757652829.994023467";"/home/ikx/ros2_ws/src/ros_tutorials/turtlesim/src/turtle.cpp:update:288"
"Oh no! I hit the wall! (Clamping from [x=6.894582, y=-0.029568])";"30";"turtlesim3.sim";"1757652829.985454435";"/home/ikx/ros2_ws/src/ros_tutorials/turtlesim/src/turtle.cpp:update:288"
"Oh no! I hit the wall! (Clamping from [x=6.882345, y=-0.029568])";"30";"turtlesim2.sim";"1757652829.978399673";"/home/ikx/ros2_ws/src/ros_tutorials/turtlesim/src/turtle.cpp:update:288"
"Oh no! I hit the wall! (Clamping from [x=6.906818, y=-0.029568])";"30";"turtlesim3.sim";"1757652829.969372519";"/home/ikx/ros2_ws/src/ros_tutorials/turtlesim/src/turtle.cpp:update:288"
"Oh no! I hit the wall! (Clamping from [x=6.894582, y=-0.029568])";"30";"turtlesim2.sim";"1757652829.962062124";"/home/ikx/ros2_ws/src/ros_tutorials/turtlesim/src/turtle.cpp:update:288"
"Oh no! I hit the wall! (Clamping from [x=6.919055, y=-0.029568])";"30";"turtlesim3.sim";"1757652829.953238968";"/home/ikx/ros2_ws/src/ros_tutorials/turtlesim/src/turtle.cpp:update:288"
"Oh no! I hit the wall! (Clamping from [x=6.906818, y=-0.029568])";"30";"turtlesim2.sim";"1757652829.946217914";"/home/ikx/ros2_ws/src/ros_tutorials/turtlesim/src/turtle.cpp:update:288"
"Oh no! I hit the wall! (Clamping from [x=6.931292, y=-0.029568])";"30";"turtlesim3.sim";"1757652829.936842607";"/home/ikx/ros2_ws/src/ros_tutorials/turtlesim/src/turtle.cpp:update:288"
"Oh no! I hit the wall! (Clamping from [x=6.919055, y=-0.029568])";"30";"turtlesim2.sim";"1757652829.929833252";"/home/ikx/ros2_ws/src/ros_tutorials/turtlesim/src/turtle.cpp:update:288"
"Oh no! I hit the wall! (Clamping from [x=6.943528, y=-0.029568])";"30";"turtlesim3.sim";"1757652829.921068344";"/home/ikx/ros2_ws/src/ros_tutorials/turtlesim/src/turtle.cpp:update:288"
"Oh no! I hit the wall! (Clamping from [x=6.931292, y=-0.029568])";"30";"turtlesim2.sim";"1757652829.913784142";"/home/ikx/ros2_ws/src/ros_tutorials/turtlesim/src/turtle.cpp:update:288"
"Oh no! I hit the wall! (Clamping from [x=6.955765, y=-0.029568])";"30";"turtlesim3.sim";"1757652829.904654530";"/home/ikx/ros2_ws/src/ros_tutorials/turtlesim/src/turtle.cpp:update:288"
"Oh no! I hit the wall! (Clamping from [x=6.943528, y=-0.029568])";"30";"turtlesim2.sim";"1757652829.898053390";"/home/ikx/ros2_ws/src/ros_tutorials/turtlesim/src/turtle.cpp:update:288"
"Oh no! I hit the wall! (Clamping from [x=6.968002, y=-0.029568])";"30";"turtlesim3.sim";"1757652829.888820077";"/home/ikx/ros2_ws/src/ros_tutorials/turtlesim/src/turtle.cpp:update:288"
"Oh no! I hit the wall! (Clamping from [x=6.955765, y=-0.029568])";"30";"turtlesim2.sim";"1757652829.881901758";"/home/ikx/ros2_ws/src/ros_tutorials/turtlesim/src/turtle.cpp:update:288"
"Oh no! I hit the wall! (Clamping from [x=6.980238, y=-0.029568])";"30";"turtlesim3.sim";"1757652829.873001825";"/home/ikx/ros2_ws/src/ros_tutorials/turtlesim/src/turtle.cpp:update:288"
"Oh no! I hit the wall! (Clamping from [x=6.968002, y=-0.029568])";"30";"turtlesim2.sim";"1757652829.865787463";"/home/ikx/ros2_ws/src/ros_tutorials/turtlesim/src/turtle.cpp:update:288"
"Oh no! I hit the wall! (Clamping from [x=6.992475, y=-0.029568])";"30";"turtlesim3.sim";"1757652829.856657305";"/home/ikx/ros2_ws/src/ros_tutorials/turtlesim/src/turtle.cpp:update:288"
"Oh no! I hit the wall! (Clamping from [x=6.980238, y=-0.029568])";"30";"turtlesim2.sim";"1757652829.849940859";"/home/ikx/ros2_ws/src/ros_tutorials/turtlesim/src/turtle.cpp:update:288"
"Oh no! I hit the wall! (Clamping from [x=7.004712, y=-0.029568])";"30";"turtlesim3.sim";"1757652829.841040230";"/home/ikx/ros2_ws/src/ros_tutorials/turtlesim/src/turtle.cpp:update:288"
"Oh no! I hit the wall! (Clamping from [x=6.992475, y=-0.029568])";"30";"turtlesim2.sim";"1757652829.834378915";"/home/ikx/ros2_ws/src/ros_tutorials/turtlesim/src/turtle.cpp:update:288"
"Oh no! I hit the wall! (Clamping from [x=7.004712, y=-0.029568])";"30";"turtlesim2.sim";"1757652829.817669734";"/home/ikx/ros2_ws/src/ros_tutorials/turtlesim/src/turtle.cpp:update:288"
"Oh no! I hit the wall! (Clamping from [x=7.016949, y=-0.029568])";"30";"turtlesim2.sim";"1757652829.802198265";"/home/ikx/ros2_ws/src/ros_tutorials/turtlesim/src/turtle.cpp:update:288"
"Oh no! I hit the wall! (Clamping from [x=7.041422, y=-0.029568])";"30";"turtlesim3.sim";"1757652829.793086969";"/home/ikx/ros2_ws/src/ros_tutorials/turtlesim/src/turtle.cpp:update:288"
"Oh no! I hit the wall! (Clamping from [x=7.029185, y=-0.029568])";"30";"turtlesim2.sim";"1757652829.785767745";"/home/ikx/ros2_ws/src/ros_tutorials/turtlesim/src/turtle.cpp:update:288"
"Oh no! I hit the wall! (Clamping from [x=7.053659, y=-0.029568])";"30";"turtlesim3.sim";"1757652829.776848596";"/home/ikx/ros2_ws/src/ros_tutorials/turtlesim/src/turtle.cpp:update:288"
"Oh no! I hit the wall! (Clamping from [x=7.041422, y=-0.029568])";"30";"turtlesim2.sim";"1757652829.769737661";"/home/ikx/ros2_ws/src/ros_tutorials/turtlesim/src/turtle.cpp:update:288"
"Oh no! I hit the wall! (Clamping from [x=7.065895, y=-0.029568])";"30";"turtlesim3.sim";"1757652829.760773853";"/home/ikx/ros2_ws/src/ros_tutorials/turtlesim/src/turtle.cpp:update:288"
"Oh no! I hit the wall! (Clamping from [x=7.053659, y=-0.029568])";"30";"turtlesim2.sim";"1757652829.754045243";"/home/ikx/ros2_ws/src/ros_tutorials/turtlesim/src/turtle.cpp:update:288"
"Oh no! I hit the wall! (Clamping from [x=7.078132, y=-0.029568])";"30";"turtlesim3.sim";"1757652829.745148363";"/home/ikx/ros2_ws/src/ros_tutorials/turtlesim/src/turtle.cpp:update:288"
"Oh no! I hit the wall! (Clamping from [x=7.065895, y=-0.029568])";"30";"turtlesim2.sim";"1757652829.737819205";"/home/ikx/ros2_ws/src/ros_tutorials/turtlesim/src/turtle.cpp:update:288"
"Oh no! I hit the wall! (Clamping from [x=7.090369, y=-0.029568])";"30";"turtlesim3.sim";"1757652829.729317510";"/home/ikx/ros2_ws/src/ros_tutorials/turtlesim/src/turtle.cpp:update:288"
"Oh no! I hit the wall! (Clamping from [x=7.078132, y=-0.029568])";"30";"turtlesim2.sim";"1757652829.721494837";"/home/ikx/ros2_ws/src/ros_tutorials/turtlesim/src/turtle.cpp:update:288"
"Oh no! I hit the wall! (Clamping from [x=7.102605, y=-0.029568])";"30";"turtlesim3.sim";"1757652829.713770113";"/home/ikx/ros2_ws/src/ros_tutorials/turtlesim/src/turtle.cpp:update:288"
"Oh no! I hit the wall! (Clamping from [x=7.090369, y=-0.029568])";"30";"turtlesim2.sim";"1757652829.706303059";"/home/ikx/ros2_ws/src/ros_tutorials/turtlesim/src/turtle.cpp:update:288"
"Oh no! I hit the wall! (Clamping from [x=7.114842, y=-0.029568])";"30";"turtlesim3.sim";"1757652829.696863557";"/home/ikx/ros2_ws/src/ros_tutorials/turtlesim/src/turtle.cpp:update:288"
"Oh no! I hit the wall! (Clamping from [x=7.102605, y=-0.029568])";"30";"turtlesim2.sim";"1757652829.690204697";"/home/ikx/ros2_ws/src/ros_tutorials/turtlesim/src/turtle.cpp:update:288"
"Oh no! I hit the wall! (Clamping from [x=7.127079, y=-0.029568])";"30";"turtlesim3.sim";"1757652829.681082080";"/home/ikx/ros2_ws/src/ros_tutorials/turtlesim/src/turtle.cpp:update:288"
"Oh no! I hit the wall! (Clamping from [x=7.114842, y=-0.029568])";"30";"turtlesim2.sim";"1757652829.674068230";"/home/ikx/ros2_ws/src/ros_tutorials/turtlesim/src/turtle.cpp:update:288"
"Oh no! I hit the wall! (Clamping from [x=7.139316, y=-0.029568])";"30";"turtlesim3.sim";"1757652829.665023334";"/home/ikx/ros2_ws/src/ros_tutorials/turtlesim/src/turtle.cpp:update:288"
"Oh no! I hit the wall! (Clamping from [x=7.127079, y=-0.029568])";"30";"turtlesim2.sim";"1757652829.658061136";"/home/ikx/ros2_ws/src/ros_tutorials/turtlesim/src/turtle.cpp:update:288"
"Oh no! I hit the wall! (Clamping from [x=7.151552, y=-0.029568])";"30";"turtlesim3.sim";"1757652829.649092587";"/home/ikx/ros2_ws/src/ros_tutorials/turtlesim/src/turtle.cpp:update:288"
"Oh no! I hit the wall! (Clamping from [x=7.139316, y=-0.029568])";"30";"turtlesim2.sim";"1757652829.642192802";"/home/ikx/ros2_ws/src/ros_tutorials/turtlesim/src/turtle.cpp:update:288"
"Oh no! I hit the wall! (Clamping from [x=7.163789, y=-0.029568])";"30";"turtlesim3.sim";"1757652829.633301993";"/home/ikx/ros2_ws/src/ros_tutorials/turtlesim/src/turtle.cpp:update:288"
"Oh no! I hit the wall! (Clamping from [x=7.151552, y=-0.029568])";"30";"turtlesim2.sim";"1757652829.626362542";"/home/ikx/ros2_ws/src/ros_tutorials/turtlesim/src/turtle.cpp:update:288"
"Oh no! I hit the wall! (Clamping from [x=7.176026, y=-0.029568])";"30";"turtlesim3.sim";"1757652829.616663431";"/home/ikx/ros2_ws/src/ros_tutorials/turtlesim/src/turtle.cpp:update:288"
"Oh no! I hit the wall! (Clamping from [x=7.163789, y=-0.029568])";"30";"turtlesim2.sim";"1757652829.609613151";"/home/ikx/ros2_ws/src/ros_tutorials/turtlesim/src/turtle.cpp:update:288"
"Oh no! I hit the wall! (Clamping from [x=7.188262, y=-0.029568])";"30";"turtlesim3.sim";"1757652829.600632927";"/home/ikx/ros2_ws/src/ros_tutorials/turtlesim/src/turtle.cpp:update:288"
"Oh no! I hit the wall! (Clamping from [x=7.176026, y=-0.029568])";"30";"turtlesim2.sim";"1757652829.593678609";"/home/ikx/ros2_ws/src/ros_tutorials/turtlesim/src/turtle.cpp:update:288"
"Oh no! I hit the wall! (Clamping from [x=7.200499, y=-0.029568])";"30";"turtlesim3.sim";"1757652829.584959437";"/home/ikx/ros2_ws/src/ros_tutorials/turtlesim/src/turtle.cpp:update:288"
"Oh no! I hit the wall! (Clamping from [x=7.188262, y=-0.029568])";"30";"turtlesim2.sim";"1757652829.577779986";"/home/ikx/ros2_ws/src/ros_tutorials/turtlesim/src/turtle.cpp:update:288"
"Oh no! I hit the wall! (Clamping from [x=7.212736, y=-0.029568])";"30";"turtlesim3.sim";"1757652829.568701936";"/home/ikx/ros2_ws/src/ros_tutorials/turtlesim/src/turtle.cpp:update:288"
"Oh no! I hit the wall! (Clamping from [x=7.200499, y=-0.029568])";"30";"turtlesim2.sim";"1757652829.561683645";"/home/ikx/ros2_ws/src/ros_tutorials/turtlesim/src/turtle.cpp:update:288"
"Oh no! I hit the wall! (Clamping from [x=7.224972, y=-0.029568])";"30";"turtlesim3.sim";"1757652829.553194786";"/home/ikx/ros2_ws/src/ros_tutorials/turtlesim/src/turtle.cpp:update:288"
"Oh no! I hit the wall! (Clamping from [x=7.212736, y=-0.029568])";"30";"turtlesim2.sim";"1757652829.546299460";"/home/ikx/ros2_ws/src/ros_tutorials/turtlesim/src/turtle.cpp:update:288"
"Oh no! I hit the wall! (Clamping from [x=7.237209, y=-0.029568])";"30";"turtlesim3.sim";"1757652829.536829950";"/home/ikx/ros2_ws/src/ros_tutorials/turtlesim/src/turtle.cpp:update:288"
"Oh no! I hit the wall! (Clamping from [x=7.224972, y=-0.029568])";"30";"turtlesim2.sim";"1757652829.530037875";"/home/ikx/ros2_ws/src/ros_tutorials/turtlesim/src/turtle.cpp:update:288"
"Oh no! I hit the wall! (Clamping from [x=7.249446, y=-0.029568])";"30";"turtlesim3.sim";"1757652829.520940262";"/home/ikx/ros2_ws/src/ros_tutorials/turtlesim/src/turtle.cpp:update:288"
"Oh no! I hit the wall! (Clamping from [x=7.237209, y=-0.029568])";"30";"turtlesim2.sim";"1757652829.513977726";"/home/ikx/ros2_ws/src/ros_tutorials/turtlesim/src/turtle.cpp:update:288"
"Oh no! I hit the wall! (Clamping from [x=7.261683, y=-0.029568])";"30";"turtlesim3.sim";"1757652829.504782186";"/home/ikx/ros2_ws/src/ros_tutorials/turtlesim/src/turtle.cpp:update:288"
"Oh no! I hit the wall! (Clamping from [x=7.249446, y=-0.029568])";"30";"turtlesim2.sim";"1757652829.498082941";"/home/ikx/ros2_ws/src/ros_tutorials/turtlesim/src/turtle.cpp:update:288"
"Oh no! I hit the wall! (Clamping from [x=7.273919, y=-0.029568])";"30";"turtlesim3.sim";"1757652829.489312552";"/home/ikx/ros2_ws/src/ros_tutorials/turtlesim/src/turtle.cpp:update:288"
"Oh no! I hit the wall! (Clamping from [x=7.261683, y=-0.029568])";"30";"turtlesim2.sim";"1757652829.481563075";"/home/ikx/ros2_ws/src/ros_tutorials/turtlesim/src/turtle.cpp:update:288"
"Oh no! I hit the wall! (Clamping from [x=7.286156, y=-0.029568])";"30";"turtlesim3.sim";"1757652829.473351318";"/home/ikx/ros2_ws/src/ros_tutorials/turtlesim/src/turtle.cpp:update:288"
"Oh no! I hit the wall! (Clamping from [x=7.273919, y=-0.029568])";"30";"turtlesim2.sim";"1757652829.465555895";"/home/ikx/ros2_ws/src/ros_tutorials/turtlesim/src/turtle.cpp:update:288"
"Oh no! I hit the wall! (Clamping from [x=7.298393, y=-0.029568])";"30";"turtlesim3.sim";"1757652829.456598930";"/home/ikx/ros2_ws/src/ros_tutorials/turtlesim/src/turtle.cpp:update:288"
"Oh no! I hit the wall! (Clamping from [x=7.286156, y=-0.029568])";"30";"turtlesim2.sim";"1757652829.449928373";"/home/ikx/ros2_ws/src/ros_tutorials/turtlesim/src/turtle.cpp:update:288"
"Oh no! I hit the wall! (Clamping from [x=7.310629, y=-0.029568])";"30";"turtlesim3.sim";"1757652829.440795928";"/home/ikx/ros2_ws/src/ros_tutorials/turtlesim/src/turtle.cpp:update:288"
"Oh no! I hit the wall! (Clamping from [x=7.298393, y=-0.029568])";"30";"turtlesim2.sim";"1757652829.433731095";"/home/ikx/ros2_ws/src/ros_tutorials/turtlesim/src/turtle.cpp:update:288"
"Oh no! I hit the wall! (Clamping from [x=7.322866, y=-0.029568])";"30";"turtlesim3.sim";"1757652829.425443587";"/home/ikx/ros2_ws/src/ros_tutorials/turtlesim/src/turtle.cpp:update:288"
"Oh no! I hit the wall! (Clamping from [x=7.310629, y=-0.029568])";"30";"turtlesim2.sim";"1757652829.417883718";"/home/ikx/ros2_ws/src/ros_tutorials/turtlesim/src/turtle.cpp:update:288"
"Oh no! I hit the wall! (Clamping from [x=7.335103, y=-0.029568])";"30";"turtlesim3.sim";"1757652829.408877416";"/home/ikx/ros2_ws/src/ros_tutorials/turtlesim/src/turtle.cpp:update:288"
"Oh no! I hit the wall! (Clamping from [x=7.322866, y=-0.029568])";"30";"turtlesim2.sim";"1757652829.401956941";"/home/ikx/ros2_ws/src/ros_tutorials/turtlesim/src/turtle.cpp:update:288"
"Oh no! I hit the wall! (Clamping from [x=7.347339, y=-0.029568])";"30";"turtlesim3.sim";"1757652829.393071745";"/home/ikx/ros2_ws/src/ros_tutorials/turtlesim/src/turtle.cpp:update:288"
"Oh no! I hit the wall! (Clamping from [x=7.335103, y=-0.029568])";"30";"turtlesim2.sim";"1757652829.385935728";"/home/ikx/ros2_ws/src/ros_tutorials/turtlesim/src/turtle.cpp:update:288"
"Oh no! I hit the wall! (Clamping from [x=7.359576, y=-0.029568])";"30";"turtlesim3.sim";"1757652829.376743121";"/home/ikx/ros2_ws/src/ros_tutorials/turtlesim/src/turtle.cpp:update:288"
"Oh no! I hit the wall! (Clamping from [x=7.347339, y=-0.029568])";"30";"turtlesim2.sim";"1757652829.370228347";"/home/ikx/ros2_ws/src/ros_tutorials/turtlesim/src/turtle.cpp:update:288"
"Oh no! I hit the wall! (Clamping from [x=7.371813, y=-0.029568])";"30";"turtlesim3.sim";"1757652829.361350081";"/home/ikx/ros2_ws/src/ros_tutorials/turtlesim/src/turtle.cpp:update:288"
"Oh no! I hit the wall! (Clamping from [x=7.359576, y=-0.029568])";"30";"turtlesim2.sim";"1757652829.354354592";"/home/ikx/ros2_ws/src/ros_tutorials/turtlesim/src/turtle.cpp:update:288"
"Oh no! I hit the wall! (Clamping from [x=7.384050, y=-0.029568])";"30";"turtlesim3.sim";"1757652829.345100865";"/home/ikx/ros2_ws/src/ros_tutorials/turtlesim/src/turtle.cpp:update:288"
"Oh no! I hit the wall! (Clamping from [x=7.371813, y=-0.029568])";"30";"turtlesim2.sim";"1757652829.338328201";"/home/ikx/ros2_ws/src/ros_tutorials/turtlesim/src/turtle.cpp:update:288"
"Oh no! I hit the wall! (Clamping from [x=7.396286, y=-0.029568])";"30";"turtlesim3.sim";"1757652829.329532531";"/home/ikx/ros2_ws/src/ros_tutorials/turtlesim/src/turtle.cpp:update:288"
"Oh no! I hit the wall! (Clamping from [x=7.384050, y=-0.029568])";"30";"turtlesim2.sim";"1757652829.322112990";"/home/ikx/ros2_ws/src/ros_tutorials/turtlesim/src/turtle.cpp:update:288"
"Oh no! I hit the wall! (Clamping from [x=7.408523, y=-0.029568])";"30";"turtlesim3.sim";"1757652829.312913986";"/home/ikx/ros2_ws/src/ros_tutorials/turtlesim/src/turtle.cpp:update:288"
"Oh no! I hit the wall! (Clamping from [x=7.396286, y=-0.029568])";"30";"turtlesim2.sim";"1757652829.305928773";"/home/ikx/ros2_ws/src/ros_tutorials/turtlesim/src/turtle.cpp:update:288"
"Oh no! I hit the wall! (Clamping from [x=7.420760, y=-0.029568])";"30";"turtlesim3.sim";"1757652829.297337494";"/home/ikx/ros2_ws/src/ros_tutorials/turtlesim/src/turtle.cpp:update:288"
"Oh no! I hit the wall! (Clamping from [x=7.408523, y=-0.029568])";"30";"turtlesim2.sim";"1757652829.289993494";"/home/ikx/ros2_ws/src/ros_tutorials/turtlesim/src/turtle.cpp:update:288"
"Oh no! I hit the wall! (Clamping from [x=7.432996, y=-0.029568])";"30";"turtlesim3.sim";"1757652829.281543128";"/home/ikx/ros2_ws/src/ros_tutorials/turtlesim/src/turtle.cpp:update:288"
"Oh no! I hit the wall! (Clamping from [x=7.420760, y=-0.029568])";"30";"turtlesim2.sim";"1757652829.273491175";"/home/ikx/ros2_ws/src/ros_tutorials/turtlesim/src/turtle.cpp:update:288"
"Oh no! I hit the wall! (Clamping from [x=7.445233, y=-0.029568])";"30";"turtlesim3.sim";"1757652829.264974772";"/home/ikx/ros2_ws/src/ros_tutorials/turtlesim/src/turtle.cpp:update:288"
"Oh no! I hit the wall! (Clamping from [x=7.432996, y=-0.029568])";"30";"turtlesim2.sim";"1757652829.257459511";"/home/ikx/ros2_ws/src/ros_tutorials/turtlesim/src/turtle.cpp:update:288"
"Oh no! I hit the wall! (Clamping from [x=7.457470, y=-0.029568])";"30";"turtlesim3.sim";"1757652829.249419259";"/home/ikx/ros2_ws/src/ros_tutorials/turtlesim/src/turtle.cpp:update:288"
"Oh no! I hit the wall! (Clamping from [x=7.445233, y=-0.029568])";"30";"turtlesim2.sim";"1757652829.242297086";"/home/ikx/ros2_ws/src/ros_tutorials/turtlesim/src/turtle.cpp:update:288"
"Oh no! I hit the wall! (Clamping from [x=7.469706, y=-0.029568])";"30";"turtlesim3.sim";"1757652829.233557283";"/home/ikx/ros2_ws/src/ros_tutorials/turtlesim/src/turtle.cpp:update:288"
"Oh no! I hit the wall! (Clamping from [x=7.457470, y=-0.029568])";"30";"turtlesim2.sim";"1757652829.225505937";"/home/ikx/ros2_ws/src/ros_tutorials/turtlesim/src/turtle.cpp:update:288"
"Oh no! I hit the wall! (Clamping from [x=7.481943, y=-0.017850])";"30";"turtlesim3.sim";"1757652829.217442716";"/home/ikx/ros2_ws/src/ros_tutorials/turtlesim/src/turtle.cpp:update:288"
"Oh no! I hit the wall! (Clamping from [x=7.469706, y=-0.029568])";"30";"turtlesim2.sim";"1757652829.209446888";"/home/ikx/ros2_ws/src/ros_tutorials/turtlesim/src/turtle.cpp:update:288"
"Oh no! I hit the wall! (Clamping from [x=7.481943, y=-0.017850])";"30";"turtlesim2.sim";"1757652829.194024154";"/home/ikx/ros2_ws/src/ros_tutorials/turtlesim/src/turtle.cpp:update:288"
"Oh no! I hit the wall! (Clamping from [x=11.113707, y=-0.020201])";"30";"turtlesim3.sim";"1757652824.161378077";"/home/ikx/ros2_ws/src/ros_tutorials/turtlesim/src/turtle.cpp:update:288"
"Oh no! I hit the wall! (Clamping from [x=11.113707, y=-0.020201])";"30";"turtlesim3.sim";"1757652824.145029606";"/home/ikx/ros2_ws/src/ros_tutorials/turtlesim/src/turtle.cpp:update:288"
"Oh no! I hit the wall! (Clamping from [x=11.113707, y=-0.020201])";"30";"turtlesim2.sim";"1757652824.137870283";"/home/ikx/ros2_ws/src/ros_tutorials/turtlesim/src/turtle.cpp:update:288"
"Oh no! I hit the wall! (Clamping from [x=11.113707, y=-0.020201])";"30";"turtlesim3.sim";"1757652824.129236194";"/home/ikx/ros2_ws/src/ros_tutorials/turtlesim/src/turtle.cpp:update:288"
"Oh no! I hit the wall! (Clamping from [x=11.113707, y=-0.020201])";"30";"turtlesim2.sim";"1757652824.122239058";"/home/ikx/ros2_ws/src/ros_tutorials/turtlesim/src/turtle.cpp:update:288"
"Oh no! I hit the wall! (Clamping from [x=11.113707, y=-0.020201])";"30";"turtlesim3.sim";"1757652824.112896776";"/home/ikx/ros2_ws/src/ros_tutorials/turtlesim/src/turtle.cpp:update:288"
"Oh no! I hit the wall! (Clamping from [x=11.113707, y=-0.020201])";"30";"turtlesim2.sim";"1757652824.106219036";"/home/ikx/ros2_ws/src/ros_tutorials/turtlesim/src/turtle.cpp:update:288"
"Oh no! I hit the wall! (Clamping from [x=11.113707, y=-0.020201])";"30";"turtlesim3.sim";"1757652824.096555714";"/home/ikx/ros2_ws/src/ros_tutorials/turtlesim/src/turtle.cpp:update:288"
"Oh no! I hit the wall! (Clamping from [x=11.113707, y=-0.020201])";"30";"turtlesim2.sim";"1757652824.089585627";"/home/ikx/ros2_ws/src/ros_tutorials/turtlesim/src/turtle.cpp:update:288"
"Oh no! I hit the wall! (Clamping from [x=11.113707, y=-0.020201])";"30";"turtlesim3.sim";"1757652824.080875671";"/home/ikx/ros2_ws/src/ros_tutorials/turtlesim/src/turtle.cpp:update:288"
"Oh no! I hit the wall! (Clamping from [x=11.113707, y=-0.020201])";"30";"turtlesim2.sim";"1757652824.074108531";"/home/ikx/ros2_ws/src/ros_tutorials/turtlesim/src/turtle.cpp:update:288"
"Oh no! I hit the wall! (Clamping from [x=11.113707, y=-0.020201])";"30";"turtlesim3.sim";"1757652824.064539366";"/home/ikx/ros2_ws/src/ros_tutorials/turtlesim/src/turtle.cpp:update:288"
"Oh no! I hit the wall! (Clamping from [x=11.113707, y=-0.020201])";"30";"turtlesim2.sim";"1757652824.058383576";"/home/ikx/ros2_ws/src/ros_tutorials/turtlesim/src/turtle.cpp:update:288"
"Oh no! I hit the wall! (Clamping from [x=11.113707, y=-0.020201])";"30";"turtlesim3.sim";"1757652824.049266257";"/home/ikx/ros2_ws/src/ros_tutorials/turtlesim/src/turtle.cpp:update:288"
"Oh no! I hit the wall! (Clamping from [x=11.113707, y=-0.020201])";"30";"turtlesim2.sim";"1757652824.042005438";"/home/ikx/ros2_ws/src/ros_tutorials/turtlesim/src/turtle.cpp:update:288"
"Oh no! I hit the wall! (Clamping from [x=11.113707, y=-0.020201])";"30";"turtlesim3.sim";"1757652824.032953945";"/home/ikx/ros2_ws/src/ros_tutorials/turtlesim/src/turtle.cpp:update:288"
"Oh no! I hit the wall! (Clamping from [x=11.113707, y=-0.020201])";"30";"turtlesim2.sim";"1757652824.025623858";"/home/ikx/ros2_ws/src/ros_tutorials/turtlesim/src/turtle.cpp:update:288"
"Oh no! I hit the wall! (Clamping from [x=11.113707, y=-0.020201])";"30";"turtlesim3.sim";"1757652824.016688337";"/home/ikx/ros2_ws/src/ros_tutorials/turtlesim/src/turtle.cpp:update:288"
"Oh no! I hit the wall! (Clamping from [x=11.113707, y=-0.020201])";"30";"turtlesim2.sim";"1757652824.009867309";"/home/ikx/ros2_ws/src/ros_tutorials/turtlesim/src/turtle.cpp:update:288"
"Oh no! I hit the wall! (Clamping from [x=11.113707, y=-0.020201])";"30";"turtlesim3.sim";"1757652824.001381194";"/home/ikx/ros2_ws/src/ros_tutorials/turtlesim/src/turtle.cpp:update:288"
"Oh no! I hit the wall! (Clamping from [x=11.113707, y=-0.020201])";"30";"turtlesim2.sim";"1757652823.994190243";"/home/ikx/ros2_ws/src/ros_tutorials/turtlesim/src/turtle.cpp:update:288"
"Oh no! I hit the wall! (Clamping from [x=11.113707, y=-0.020201])";"30";"turtlesim3.sim";"1757652823.986067964";"/home/ikx/ros2_ws/src/ros_tutorials/turtlesim/src/turtle.cpp:update:288"
"Oh no! I hit the wall! (Clamping from [x=11.113707, y=-0.020201])";"30";"turtlesim2.sim";"1757652823.977570552";"/home/ikx/ros2_ws/src/ros_tutorials/turtlesim/src/turtle.cpp:update:288"
"Oh no! I hit the wall! (Clamping from [x=11.113707, y=-0.020201])";"30";"turtlesim3.sim";"1757652823.969184461";"/home/ikx/ros2_ws/src/ros_tutorials/turtlesim/src/turtle.cpp:update:288"
"Oh no! I hit the wall! (Clamping from [x=11.113707, y=-0.020201])";"30";"turtlesim2.sim";"1757652823.961850524";"/home/ikx/ros2_ws/src/ros_tutorials/turtlesim/src/turtle.cpp:update:288"
"Oh no! I hit the wall! (Clamping from [x=11.113707, y=-0.020201])";"30";"turtlesim3.sim";"1757652823.952756269";"/home/ikx/ros2_ws/src/ros_tutorials/turtlesim/src/turtle.cpp:update:288"
"Oh no! I hit the wall! (Clamping from [x=11.113707, y=-0.020201])";"30";"turtlesim2.sim";"1757652823.946284168";"/home/ikx/ros2_ws/src/ros_tutorials/turtlesim/src/turtle.cpp:update:288"
"Oh no! I hit the wall! (Clamping from [x=11.113707, y=-0.020201])";"30";"turtlesim3.sim";"1757652823.937389873";"/home/ikx/ros2_ws/src/ros_tutorials/turtlesim/src/turtle.cpp:update:288"
"Oh no! I hit the wall! (Clamping from [x=11.113707, y=-0.020201])";"30";"turtlesim2.sim";"1757652823.929900731";"/home/ikx/ros2_ws/src/ros_tutorials/turtlesim/src/turtle.cpp:update:288"
"Oh no! I hit the wall! (Clamping from [x=11.113707, y=-0.020201])";"30";"turtlesim3.sim";"1757652823.921077917";"/home/ikx/ros2_ws/src/ros_tutorials/turtlesim/src/turtle.cpp:update:288"
"Oh no! I hit the wall! (Clamping from [x=11.113707, y=-0.020201])";"30";"turtlesim2.sim";"1757652823.913514595";"/home/ikx/ros2_ws/src/ros_tutorials/turtlesim/src/turtle.cpp:update:288"
"Oh no! I hit the wall! (Clamping from [x=11.113707, y=-0.020201])";"30";"turtlesim3.sim";"1757652823.904753177";"/home/ikx/ros2_ws/src/ros_tutorials/turtlesim/src/turtle.cpp:update:288"
"Oh no! I hit the wall! (Clamping from [x=11.113707, y=-0.020201])";"30";"turtlesim2.sim";"1757652823.898022412";"/home/ikx/ros2_ws/src/ros_tutorials/turtlesim/src/turtle.cpp:update:288"
"Oh no! I hit the wall! (Clamping from [x=11.113707, y=-0.020201])";"30";"turtlesim3.sim";"1757652823.889296805";"/home/ikx/ros2_ws/src/ros_tutorials/turtlesim/src/turtle.cpp:update:288"
"Oh no! I hit the wall! (Clamping from [x=11.113707, y=-0.020201])";"30";"turtlesim2.sim";"1757652823.881466043";"/home/ikx/ros2_ws/src/ros_tutorials/turtlesim/src/turtle.cpp:update:288"
"Oh no! I hit the wall! (Clamping from [x=11.113707, y=-0.020201])";"30";"turtlesim3.sim";"1757652823.872705764";"/home/ikx/ros2_ws/src/ros_tutorials/turtlesim/src/turtle.cpp:update:288"
"Oh no! I hit the wall! (Clamping from [x=11.113707, y=-0.020201])";"30";"turtlesim2.sim";"1757652823.866106708";"/home/ikx/ros2_ws/src/ros_tutorials/turtlesim/src/turtle.cpp:update:288"
"Oh no! I hit the wall! (Clamping from [x=11.113707, y=-0.020201])";"30";"turtlesim3.sim";"1757652823.857294282";"/home/ikx/ros2_ws/src/ros_tutorials/turtlesim/src/turtle.cpp:update:288"
"Oh no! I hit the wall! (Clamping from [x=11.113707, y=-0.020201])";"30";"turtlesim2.sim";"1757652823.849774832";"/home/ikx/ros2_ws/src/ros_tutorials/turtlesim/src/turtle.cpp:update:288"
"Oh no! I hit the wall! (Clamping from [x=11.113707, y=-0.020201])";"30";"turtlesim3.sim";"1757652823.841326348";"/home/ikx/ros2_ws/src/ros_tutorials/turtlesim/src/turtle.cpp:update:288"
"Oh no! I hit the wall! (Clamping from [x=11.113707, y=-0.020201])";"30";"turtlesim2.sim";"1757652823.817931812";"/home/ikx/ros2_ws/src/ros_tutorials/turtlesim/src/turtle.cpp:update:288"
"Oh no! I hit the wall! (Clamping from [x=11.113707, y=-0.020201])";"30";"turtlesim3.sim";"1757652823.809188258";"/home/ikx/ros2_ws/src/ros_tutorials/turtlesim/src/turtle.cpp:update:288"
"Oh no! I hit the wall! (Clamping from [x=11.113707, y=-0.020201])";"30";"turtlesim2.sim";"1757652823.785546807";"/home/ikx/ros2_ws/src/ros_tutorials/turtlesim/src/turtle.cpp:update:288"
"Oh no! I hit the wall! (Clamping from [x=11.113707, y=-0.020201])";"30";"turtlesim3.sim";"1757652823.776770874";"/home/ikx/ros2_ws/src/ros_tutorials/turtlesim/src/turtle.cpp:update:288"
"Oh no! I hit the wall! (Clamping from [x=11.113707, y=-0.020201])";"30";"turtlesim2.sim";"1757652823.769747931";"/home/ikx/ros2_ws/src/ros_tutorials/turtlesim/src/turtle.cpp:update:288"
"Oh no! I hit the wall! (Clamping from [x=11.113707, y=-0.020201])";"30";"turtlesim3.sim";"1757652823.761005451";"/home/ikx/ros2_ws/src/ros_tutorials/turtlesim/src/turtle.cpp:update:288"
"Oh no! I hit the wall! (Clamping from [x=11.113707, y=-0.020201])";"30";"turtlesim2.sim";"1757652823.754330225";"/home/ikx/ros2_ws/src/ros_tutorials/turtlesim/src/turtle.cpp:update:288"
"Oh no! I hit the wall! (Clamping from [x=11.113707, y=-0.020201])";"30";"turtlesim3.sim";"1757652823.744702049";"/home/ikx/ros2_ws/src/ros_tutorials/turtlesim/src/turtle.cpp:update:288"
"Oh no! I hit the wall! (Clamping from [x=11.113707, y=-0.020201])";"30";"turtlesim2.sim";"1757652823.737962115";"/home/ikx/ros2_ws/src/ros_tutorials/turtlesim/src/turtle.cpp:update:288"
"Oh no! I hit the wall! (Clamping from [x=11.113707, y=-0.020201])";"30";"turtlesim3.sim";"1757652823.729057692";"/home/ikx/ros2_ws/src/ros_tutorials/turtlesim/src/turtle.cpp:update:288"
"Oh no! I hit the wall! (Clamping from [x=11.113707, y=-0.020201])";"30";"turtlesim2.sim";"1757652823.721821682";"/home/ikx/ros2_ws/src/ros_tutorials/turtlesim/src/turtle.cpp:update:288"
"Oh no! I hit the wall! (Clamping from [x=11.113707, y=-0.020201])";"30";"turtlesim3.sim";"1757652823.712759260";"/home/ikx/ros2_ws/src/ros_tutorials/turtlesim/src/turtle.cpp:update:288"
"Oh no! I hit the wall! (Clamping from [x=11.113707, y=-0.020201])";"30";"turtlesim2.sim";"1757652823.706048062";"/home/ikx/ros2_ws/src/ros_tutorials/turtlesim/src/turtle.cpp:update:288"
"Oh no! I hit the wall! (Clamping from [x=11.113707, y=-0.020201])";"30";"turtlesim3.sim";"1757652823.697441006";"/home/ikx/ros2_ws/src/ros_tutorials/turtlesim/src/turtle.cpp:update:288"
"Oh no! I hit the wall! (Clamping from [x=11.113707, y=-0.020201])";"30";"turtlesim2.sim";"1757652823.690017437";"/home/ikx/ros2_ws/src/ros_tutorials/turtlesim/src/turtle.cpp:update:288"
"Oh no! I hit the wall! (Clamping from [x=11.113707, y=-0.020201])";"30";"turtlesim3.sim";"1757652823.681078544";"/home/ikx/ros2_ws/src/ros_tutorials/turtlesim/src/turtle.cpp:update:288"
"Oh no! I hit the wall! (Clamping from [x=11.113707, y=-0.020201])";"30";"turtlesim2.sim";"1757652823.673950134";"/home/ikx/ros2_ws/src/ros_tutorials/turtlesim/src/turtle.cpp:update:288"
"Oh no! I hit the wall! (Clamping from [x=11.113707, y=-0.020201])";"30";"turtlesim2.sim";"1757652823.665476711";"/home/ikx/ros2_ws/src/ros_tutorials/turtlesim/src/turtle.cpp:update:288"
"Oh no! I hit the wall! (Clamping from [x=11.113707, y=-0.020201])";"30";"turtlesim3.sim";"1757652823.664654930";"/home/ikx/ros2_ws/src/ros_tutorials/turtlesim/src/turtle.cpp:update:288"
"Oh no! I hit the wall! (Clamping from [x=11.113707, y=-0.020201])";"30";"turtlesim3.sim";"1757652823.649269309";"/home/ikx/ros2_ws/src/ros_tutorials/turtlesim/src/turtle.cpp:update:288"
"Oh no! I hit the wall! (Clamping from [x=11.113707, y=-0.020201])";"30";"turtlesim2.sim";"1757652823.641374052";"/home/ikx/ros2_ws/src/ros_tutorials/turtlesim/src/turtle.cpp:update:288"
"Oh no! I hit the wall! (Clamping from [x=11.113707, y=-0.020201])";"30";"turtlesim3.sim";"1757652823.632785802";"/home/ikx/ros2_ws/src/ros_tutorials/turtlesim/src/turtle.cpp:update:288"
"Oh no! I hit the wall! (Clamping from [x=11.113707, y=-0.020201])";"30";"turtlesim2.sim";"1757652823.626007747";"/home/ikx/ros2_ws/src/ros_tutorials/turtlesim/src/turtle.cpp:update:288"
"Oh no! I hit the wall! (Clamping from [x=11.113707, y=-0.020201])";"30";"turtlesim3.sim";"1757652823.617469304";"/home/ikx/ros2_ws/src/ros_tutorials/turtlesim/src/turtle.cpp:update:288"
"Oh no! I hit the wall! (Clamping from [x=11.113707, y=-0.020201])";"30";"turtlesim2.sim";"1757652823.610297884";"/home/ikx/ros2_ws/src/ros_tutorials/turtlesim/src/turtle.cpp:update:288"
"Oh no! I hit the wall! (Clamping from [x=11.113707, y=-0.020201])";"30";"turtlesim3.sim";"1757652823.601116795";"/home/ikx/ros2_ws/src/ros_tutorials/turtlesim/src/turtle.cpp:update:288"
"Oh no! I hit the wall! (Clamping from [x=11.113707, y=-0.020201])";"30";"turtlesim2.sim";"1757652823.593884151";"/home/ikx/ros2_ws/src/ros_tutorials/turtlesim/src/turtle.cpp:update:288"
"Oh no! I hit the wall! (Clamping from [x=11.113707, y=-0.020201])";"30";"turtlesim3.sim";"1757652823.585778814";"/home/ikx/ros2_ws/src/ros_tutorials/turtlesim/src/turtle.cpp:update:288"
"Oh no! I hit the wall! (Clamping from [x=11.113707, y=-0.020201])";"30";"turtlesim2.sim";"1757652823.577524444";"/home/ikx/ros2_ws/src/ros_tutorials/turtlesim/src/turtle.cpp:update:288"
"Oh no! I hit the wall! (Clamping from [x=11.113707, y=-0.020201])";"30";"turtlesim3.sim";"1757652823.568659515";"/home/ikx/ros2_ws/src/ros_tutorials/turtlesim/src/turtle.cpp:update:288"
"Oh no! I hit the wall! (Clamping from [x=11.113707, y=-0.020201])";"30";"turtlesim2.sim";"1757652823.561905520";"/home/ikx/ros2_ws/src/ros_tutorials/turtlesim/src/turtle.cpp:update:288"
"Oh no! I hit the wall! (Clamping from [x=11.113707, y=-0.020201])";"30";"turtlesim3.sim";"1757652823.552810725";"/home/ikx/ros2_ws/src/ros_tutorials/turtlesim/src/turtle.cpp:update:288"
"Oh no! I hit the wall! (Clamping from [x=11.113707, y=-0.020201])";"30";"turtlesim2.sim";"1757652823.545518616";"/home/ikx/ros2_ws/src/ros_tutorials/turtlesim/src/turtle.cpp:update:288"
"Oh no! I hit the wall! (Clamping from [x=11.113707, y=-0.020201])";"30";"turtlesim3.sim";"1757652823.537151766";"/home/ikx/ros2_ws/src/ros_tutorials/turtlesim/src/turtle.cpp:update:288"
"Oh no! I hit the wall! (Clamping from [x=11.113707, y=-0.020201])";"30";"turtlesim2.sim";"1757652823.529898643";"/home/ikx/ros2_ws/src/ros_tutorials/turtlesim/src/turtle.cpp:update:288"
"Oh no! I hit the wall! (Clamping from [x=11.113707, y=-0.020201])";"30";"turtlesim3.sim";"1757652823.520793438";"/home/ikx/ros2_ws/src/ros_tutorials/turtlesim/src/turtle.cpp:update:288"
"Oh no! I hit the wall! (Clamping from [x=11.113707, y=-0.020201])";"30";"turtlesim2.sim";"1757652823.514463113";"/home/ikx/ros2_ws/src/ros_tutorials/turtlesim/src/turtle.cpp:update:288"
"Oh no! I hit the wall! (Clamping from [x=11.113707, y=-0.020201])";"30";"turtlesim3.sim";"1757652823.505149546";"/home/ikx/ros2_ws/src/ros_tutorials/turtlesim/src/turtle.cpp:update:288"
"Oh no! I hit the wall! (Clamping from [x=11.113707, y=-0.020201])";"30";"turtlesim2.sim";"1757652823.497694086";"/home/ikx/ros2_ws/src/ros_tutorials/turtlesim/src/turtle.cpp:update:288"
"Oh no! I hit the wall! (Clamping from [x=11.113707, y=-0.020201])";"30";"turtlesim3.sim";"1757652823.489173979";"/home/ikx/ros2_ws/src/ros_tutorials/turtlesim/src/turtle.cpp:update:288"
"Oh no! I hit the wall! (Clamping from [x=11.113707, y=-0.020201])";"30";"turtlesim2.sim";"1757652823.482295550";"/home/ikx/ros2_ws/src/ros_tutorials/turtlesim/src/turtle.cpp:update:288"
"Oh no! I hit the wall! (Clamping from [x=11.113707, y=-0.020201])";"30";"turtlesim3.sim";"1757652823.473095116";"/home/ikx/ros2_ws/src/ros_tutorials/turtlesim/src/turtle.cpp:update:288"
"Oh no! I hit the wall! (Clamping from [x=11.113707, y=-0.020201])";"30";"turtlesim2.sim";"1757652823.465864563";"/home/ikx/ros2_ws/src/ros_tutorials/turtlesim/src/turtle.cpp:update:288"
"Oh no! I hit the wall! (Clamping from [x=11.113707, y=-0.020201])";"30";"turtlesim3.sim";"1757652823.457645585";"/home/ikx/ros2_ws/src/ros_tutorials/turtlesim/src/turtle.cpp:update:288"
"Oh no! I hit the wall! (Clamping from [x=11.113707, y=-0.020201])";"30";"turtlesim2.sim";"1757652823.450361981";"/home/ikx/ros2_ws/src/ros_tutorials/turtlesim/src/turtle.cpp:update:288"
"Oh no! I hit the wall! (Clamping from [x=11.113707, y=-0.020201])";"30";"turtlesim3.sim";"1757652823.440630555";"/home/ikx/ros2_ws/src/ros_tutorials/turtlesim/src/turtle.cpp:update:288"
"Oh no! I hit the wall! (Clamping from [x=11.113707, y=-0.020201])";"30";"turtlesim2.sim";"1757652823.433822603";"/home/ikx/ros2_ws/src/ros_tutorials/turtlesim/src/turtle.cpp:update:288"
"Oh no! I hit the wall! (Clamping from [x=11.113707, y=-0.020201])";"30";"turtlesim3.sim";"1757652823.424893856";"/home/ikx/ros2_ws/src/ros_tutorials/turtlesim/src/turtle.cpp:update:288"
"Oh no! I hit the wall! (Clamping from [x=11.113707, y=-0.020201])";"30";"turtlesim2.sim";"1757652823.417766688";"/home/ikx/ros2_ws/src/ros_tutorials/turtlesim/src/turtle.cpp:update:288"
"Oh no! I hit the wall! (Clamping from [x=11.113707, y=-0.020201])";"30";"turtlesim3.sim";"1757652823.408564862";"/home/ikx/ros2_ws/src/ros_tutorials/turtlesim/src/turtle.cpp:update:288"
"Oh no! I hit the wall! (Clamping from [x=11.113707, y=-0.020201])";"30";"turtlesim2.sim";"1757652823.402144589";"/home/ikx/ros2_ws/src/ros_tutorials/turtlesim/src/turtle.cpp:update:288"
"Oh no! I hit the wall! (Clamping from [x=11.113707, y=-0.020201])";"30";"turtlesim3.sim";"1757652823.393226441";"/home/ikx/ros2_ws/src/ros_tutorials/turtlesim/src/turtle.cpp:update:288"
"Oh no! I hit the wall! (Clamping from [x=11.113707, y=-0.020201])";"30";"turtlesim2.sim";"1757652823.385506164";"/home/ikx/ros2_ws/src/ros_tutorials/turtlesim/src/turtle.cpp:update:288"
"Oh no! I hit the wall! (Clamping from [x=11.113707, y=-0.020201])";"30";"turtlesim3.sim";"1757652823.376851362";"/home/ikx/ros2_ws/src/ros_tutorials/turtlesim/src/turtle.cpp:update:288"
"Oh no! I hit the wall! (Clamping from [x=11.113707, y=-0.020201])";"30";"turtlesim2.sim";"1757652823.369673434";"/home/ikx/ros2_ws/src/ros_tutorials/turtlesim/src/turtle.cpp:update:288"
"Oh no! I hit the wall! (Clamping from [x=11.113707, y=-0.020201])";"30";"turtlesim3.sim";"1757652823.360511137";"/home/ikx/ros2_ws/src/ros_tutorials/turtlesim/src/turtle.cpp:update:288"
"Oh no! I hit the wall! (Clamping from [x=11.113707, y=-0.020201])";"30";"turtlesim2.sim";"1757652823.354086669";"/home/ikx/ros2_ws/src/ros_tutorials/turtlesim/src/turtle.cpp:update:288"
"Oh no! I hit the wall! (Clamping from [x=11.113707, y=-0.020201])";"30";"turtlesim3.sim";"1757652823.345207974";"/home/ikx/ros2_ws/src/ros_tutorials/turtlesim/src/turtle.cpp:update:288"
"Oh no! I hit the wall! (Clamping from [x=11.113707, y=-0.020201])";"30";"turtlesim2.sim";"1757652823.337647901";"/home/ikx/ros2_ws/src/ros_tutorials/turtlesim/src/turtle.cpp:update:288"
"Oh no! I hit the wall! (Clamping from [x=11.113707, y=-0.020201])";"30";"turtlesim3.sim";"1757652823.328849260";"/home/ikx/ros2_ws/src/ros_tutorials/turtlesim/src/turtle.cpp:update:288"
"Oh no! I hit the wall! (Clamping from [x=11.113707, y=-0.020201])";"30";"turtlesim2.sim";"1757652823.322125628";"/home/ikx/ros2_ws/src/ros_tutorials/turtlesim/src/turtle.cpp:update:288"
"Oh no! I hit the wall! (Clamping from [x=11.113707, y=-0.020201])";"30";"turtlesim3.sim";"1757652823.313499402";"/home/ikx/ros2_ws/src/ros_tutorials/turtlesim/src/turtle.cpp:update:288"
"Oh no! I hit the wall! (Clamping from [x=11.113707, y=-0.020201])";"30";"turtlesim2.sim";"1757652823.306690301";"/home/ikx/ros2_ws/src/ros_tutorials/turtlesim/src/turtle.cpp:update:288"
"Oh no! I hit the wall! (Clamping from [x=11.113707, y=-0.020201])";"30";"turtlesim3.sim";"1757652823.297188471";"/home/ikx/ros2_ws/src/ros_tutorials/turtlesim/src/turtle.cpp:update:288"
"Oh no! I hit the wall! (Clamping from [x=11.113707, y=-0.020201])";"30";"turtlesim2.sim";"1757652823.289943874";"/home/ikx/ros2_ws/src/ros_tutorials/turtlesim/src/turtle.cpp:update:288"
"Oh no! I hit the wall! (Clamping from [x=11.113707, y=-0.020201])";"30";"turtlesim3.sim";"1757652823.280848202";"/home/ikx/ros2_ws/src/ros_tutorials/turtlesim/src/turtle.cpp:update:288"
"Oh no! I hit the wall! (Clamping from [x=11.113707, y=-0.020201])";"30";"turtlesim2.sim";"1757652823.273942413";"/home/ikx/ros2_ws/src/ros_tutorials/turtlesim/src/turtle.cpp:update:288"
"Oh no! I hit the wall! (Clamping from [x=11.113707, y=-0.020201])";"30";"turtlesim3.sim";"1757652823.265420518";"/home/ikx/ros2_ws/src/ros_tutorials/turtlesim/src/turtle.cpp:update:288"
"Oh no! I hit the wall! (Clamping from [x=11.113707, y=-0.020201])";"30";"turtlesim2.sim";"1757652823.257555592";"/home/ikx/ros2_ws/src/ros_tutorials/turtlesim/src/turtle.cpp:update:288"
"Oh no! I hit the wall! (Clamping from [x=11.113707, y=-0.020201])";"30";"turtlesim3.sim";"1757652823.249051927";"/home/ikx/ros2_ws/src/ros_tutorials/turtlesim/src/turtle.cpp:update:288"
"Oh no! I hit the wall! (Clamping from [x=11.113707, y=-0.020201])";"30";"turtlesim2.sim";"1757652823.241953892";"/home/ikx/ros2_ws/src/ros_tutorials/turtlesim/src/turtle.cpp:update:288"
"Oh no! I hit the wall! (Clamping from [x=11.113707, y=-0.020201])";"30";"turtlesim3.sim";"1757652823.232679816";"/home/ikx/ros2_ws/src/ros_tutorials/turtlesim/src/turtle.cpp:update:288"
"Oh no! I hit the wall! (Clamping from [x=11.113707, y=-0.020201])";"30";"turtlesim2.sim";"1757652823.226288459";"/home/ikx/ros2_ws/src/ros_tutorials/turtlesim/src/turtle.cpp:update:288"
"Oh no! I hit the wall! (Clamping from [x=11.113707, y=-0.020201])";"30";"turtlesim3.sim";"1757652823.217230725";"/home/ikx/ros2_ws/src/ros_tutorials/turtlesim/src/turtle.cpp:update:288"
"Oh no! I hit the wall! (Clamping from [x=11.113707, y=-0.020201])";"30";"turtlesim2.sim";"1757652823.209884083";"/home/ikx/ros2_ws/src/ros_tutorials/turtlesim/src/turtle.cpp:update:288"
"Oh no! I hit the wall! (Clamping from [x=11.113707, y=-0.020201])";"30";"turtlesim3.sim";"1757652823.201490545";"/home/ikx/ros2_ws/src/ros_tutorials/turtlesim/src/turtle.cpp:update:288"
"Oh no! I hit the wall! (Clamping from [x=11.113707, y=-0.020201])";"30";"turtlesim2.sim";"1757652823.193523146";"/home/ikx/ros2_ws/src/ros_tutorials/turtlesim/src/turtle.cpp:update:288"
"Oh no! I hit the wall! (Clamping from [x=11.113707, y=-0.020201])";"30";"turtlesim3.sim";"1757652823.184831776";"/home/ikx/ros2_ws/src/ros_tutorials/turtlesim/src/turtle.cpp:update:288"
"Oh no! I hit the wall! (Clamping from [x=11.113707, y=-0.020201])";"30";"turtlesim2.sim";"1757652823.178124379";"/home/ikx/ros2_ws/src/ros_tutorials/turtlesim/src/turtle.cpp:update:288"
"Oh no! I hit the wall! (Clamping from [x=11.113707, y=-0.020201])";"30";"turtlesim3.sim";"1757652823.169375346";"/home/ikx/ros2_ws/src/ros_tutorials/turtlesim/src/turtle.cpp:update:288"
"Oh no! I hit the wall! (Clamping from [x=11.113707, y=-0.020201])";"30";"turtlesim2.sim";"1757652823.161732937";"/home/ikx/ros2_ws/src/ros_tutorials/turtlesim/src/turtle.cpp:update:288"
"Oh no! I hit the wall! (Clamping from [x=11.113707, y=-0.020201])";"30";"turtlesim3.sim";"1757652823.153037907";"/home/ikx/ros2_ws/src/ros_tutorials/turtlesim/src/turtle.cpp:update:288"
"Oh no! I hit the wall! (Clamping from [x=11.113707, y=-0.020201])";"30";"turtlesim2.sim";"1757652823.146285556";"/home/ikx/ros2_ws/src/ros_tutorials/turtlesim/src/turtle.cpp:update:288"
"Oh no! I hit the wall! (Clamping from [x=11.113707, y=-0.020201])";"30";"turtlesim3.sim";"1757652823.136708508";"/home/ikx/ros2_ws/src/ros_tutorials/turtlesim/src/turtle.cpp:update:288"
"Oh no! I hit the wall! (Clamping from [x=11.113707, y=-0.020201])";"30";"turtlesim2.sim";"1757652823.129860711";"/home/ikx/ros2_ws/src/ros_tutorials/turtlesim/src/turtle.cpp:update:288"
"Oh no! I hit the wall! (Clamping from [x=11.113707, y=-0.020201])";"30";"turtlesim3.sim";"1757652823.120802657";"/home/ikx/ros2_ws/src/ros_tutorials/turtlesim/src/turtle.cpp:update:288"
"Oh no! I hit the wall! (Clamping from [x=11.113707, y=-0.020201])";"30";"turtlesim2.sim";"1757652823.114310524";"/home/ikx/ros2_ws/src/ros_tutorials/turtlesim/src/turtle.cpp:update:288"
"Oh no! I hit the wall! (Clamping from [x=11.113707, y=-0.020201])";"30";"turtlesim3.sim";"1757652823.105115375";"/home/ikx/ros2_ws/src/ros_tutorials/turtlesim/src/turtle.cpp:update:288"
"Oh no! I hit the wall! (Clamping from [x=11.113707, y=-0.020201])";"30";"turtlesim2.sim";"1757652823.097880699";"/home/ikx/ros2_ws/src/ros_tutorials/turtlesim/src/turtle.cpp:update:288"
"Oh no! I hit the wall! (Clamping from [x=11.113707, y=-0.020201])";"30";"turtlesim3.sim";"1757652823.089475567";"/home/ikx/ros2_ws/src/ros_tutorials/turtlesim/src/turtle.cpp:update:288"
"Oh no! I hit the wall! (Clamping from [x=11.113707, y=-0.020201])";"30";"turtlesim2.sim";"1757652823.082428393";"/home/ikx/ros2_ws/src/ros_tutorials/turtlesim/src/turtle.cpp:update:288"
"Oh no! I hit the wall! (Clamping from [x=11.113707, y=-0.020201])";"30";"turtlesim3.sim";"1757652823.073156572";"/home/ikx/ros2_ws/src/ros_tutorials/turtlesim/src/turtle.cpp:update:288"
"Oh no! I hit the wall! (Clamping from [x=11.113707, y=-0.020201])";"30";"turtlesim2.sim";"1757652823.065965985";"/home/ikx/ros2_ws/src/ros_tutorials/turtlesim/src/turtle.cpp:update:288"
"Oh no! I hit the wall! (Clamping from [x=11.113707, y=-0.020201])";"30";"turtlesim3.sim";"1757652823.056828690";"/home/ikx/ros2_ws/src/ros_tutorials/turtlesim/src/turtle.cpp:update:288"
"Oh no! I hit the wall! (Clamping from [x=11.113707, y=-0.020201])";"30";"turtlesim2.sim";"1757652823.049529161";"/home/ikx/ros2_ws/src/ros_tutorials/turtlesim/src/turtle.cpp:update:288"
"Oh no! I hit the wall! (Clamping from [x=11.113707, y=-0.020201])";"30";"turtlesim3.sim";"1757652823.040951189";"/home/ikx/ros2_ws/src/ros_tutorials/turtlesim/src/turtle.cpp:update:288"
"Oh no! I hit the wall! (Clamping from [x=11.113707, y=-0.020201])";"30";"turtlesim2.sim";"1757652823.034100152";"/home/ikx/ros2_ws/src/ros_tutorials/turtlesim/src/turtle.cpp:update:288"
"Oh no! I hit the wall! (Clamping from [x=11.113707, y=-0.020201])";"30";"turtlesim3.sim";"1757652823.024599454";"/home/ikx/ros2_ws/src/ros_tutorials/turtlesim/src/turtle.cpp:update:288"
"Oh no! I hit the wall! (Clamping from [x=11.113707, y=-0.020201])";"30";"turtlesim2.sim";"1757652823.018502710";"/home/ikx/ros2_ws/src/ros_tutorials/turtlesim/src/turtle.cpp:update:288"
"Oh no! I hit the wall! (Clamping from [x=11.113707, y=-0.020201])";"30";"turtlesim3.sim";"1757652823.009240891";"/home/ikx/ros2_ws/src/ros_tutorials/turtlesim/src/turtle.cpp:update:288"
"Oh no! I hit the wall! (Clamping from [x=11.113707, y=-0.020201])";"30";"turtlesim2.sim";"1757652823.001936299";"/home/ikx/ros2_ws/src/ros_tutorials/turtlesim/src/turtle.cpp:update:288"
"Oh no! I hit the wall! (Clamping from [x=11.113707, y=-0.020201])";"30";"turtlesim3.sim";"1757652822.992844211";"/home/ikx/ros2_ws/src/ros_tutorials/turtlesim/src/turtle.cpp:update:288"
"Oh no! I hit the wall! (Clamping from [x=11.113707, y=-0.020201])";"30";"turtlesim2.sim";"1757652822.985535804";"/home/ikx/ros2_ws/src/ros_tutorials/turtlesim/src/turtle.cpp:update:288"
"Oh no! I hit the wall! (Clamping from [x=11.113707, y=-0.020201])";"30";"turtlesim3.sim";"1757652822.977318861";"/home/ikx/ros2_ws/src/ros_tutorials/turtlesim/src/turtle.cpp:update:288"
"Oh no! I hit the wall! (Clamping from [x=11.113707, y=-0.020201])";"30";"turtlesim2.sim";"1757652822.969983704";"/home/ikx/ros2_ws/src/ros_tutorials/turtlesim/src/turtle.cpp:update:288"
"Oh no! I hit the wall! (Clamping from [x=11.113707, y=-0.020201])";"30";"turtlesim3.sim";"1757652822.963886904";"/home/ikx/ros2_ws/src/ros_tutorials/turtlesim/src/turtle.cpp:update:288"
"Oh no! I hit the wall! (Clamping from [x=11.113707, y=-0.020201])";"30";"turtlesim2.sim";"1757652822.954202820";"/home/ikx/ros2_ws/src/ros_tutorials/turtlesim/src/turtle.cpp:update:288"
"Oh no! I hit the wall! (Clamping from [x=11.113707, y=-0.020201])";"30";"turtlesim3.sim";"1757652822.944842506";"/home/ikx/ros2_ws/src/ros_tutorials/turtlesim/src/turtle.cpp:update:288"
"Oh no! I hit the wall! (Clamping from [x=11.113707, y=-0.020201])";"30";"turtlesim2.sim";"1757652822.937463430";"/home/ikx/ros2_ws/src/ros_tutorials/turtlesim/src/turtle.cpp:update:288"
"Oh no! I hit the wall! (Clamping from [x=11.113707, y=-0.020201])";"30";"turtlesim3.sim";"1757652822.929487438";"/home/ikx/ros2_ws/src/ros_tutorials/turtlesim/src/turtle.cpp:update:288"
"Oh no! I hit the wall! (Clamping from [x=11.113707, y=-0.020201])";"30";"turtlesim2.sim";"1757652822.922059458";"/home/ikx/ros2_ws/src/ros_tutorials/turtlesim/src/turtle.cpp:update:288"
"Oh no! I hit the wall! (Clamping from [x=11.113707, y=-0.020201])";"30";"turtlesim3.sim";"1757652822.913145131";"/home/ikx/ros2_ws/src/ros_tutorials/turtlesim/src/turtle.cpp:update:288"
"Oh no! I hit the wall! (Clamping from [x=11.113707, y=-0.020201])";"30";"turtlesim2.sim";"1757652822.905689131";"/home/ikx/ros2_ws/src/ros_tutorials/turtlesim/src/turtle.cpp:update:288"
"Oh no! I hit the wall! (Clamping from [x=11.113707, y=-0.020201])";"30";"turtlesim3.sim";"1757652822.896794994";"/home/ikx/ros2_ws/src/ros_tutorials/turtlesim/src/turtle.cpp:update:288"
"Oh no! I hit the wall! (Clamping from [x=11.113707, y=-0.020201])";"30";"turtlesim2.sim";"1757652822.889432825";"/home/ikx/ros2_ws/src/ros_tutorials/turtlesim/src/turtle.cpp:update:288"
"Oh no! I hit the wall! (Clamping from [x=11.113707, y=-0.010702])";"30";"turtlesim3.sim";"1757652822.881093770";"/home/ikx/ros2_ws/src/ros_tutorials/turtlesim/src/turtle.cpp:update:288"
"Oh no! I hit the wall! (Clamping from [x=11.113707, y=-0.010702])";"30";"turtlesim2.sim";"1757652822.873962547";"/home/ikx/ros2_ws/src/ros_tutorials/turtlesim/src/turtle.cpp:update:288"
"Oh no! I hit the wall! (Clamping from [x=11.113707, y=0.009499])";"30";"turtlesim3.sim";"1757652822.865352915";"/home/ikx/ros2_ws/src/ros_tutorials/turtlesim/src/turtle.cpp:update:288"
"Oh no! I hit the wall! (Clamping from [x=11.113707, y=0.009499])";"30";"turtlesim2.sim";"1757652822.857357522";"/home/ikx/ros2_ws/src/ros_tutorials/turtlesim/src/turtle.cpp:update:288"
"Oh no! I hit the wall! (Clamping from [x=11.113707, y=0.029699])";"30";"turtlesim3.sim";"1757652822.848735734";"/home/ikx/ros2_ws/src/ros_tutorials/turtlesim/src/turtle.cpp:update:288"
"Oh no! I hit the wall! (Clamping from [x=11.113707, y=0.029699])";"30";"turtlesim2.sim";"1757652822.842003710";"/home/ikx/ros2_ws/src/ros_tutorials/turtlesim/src/turtle.cpp:update:288"
"Oh no! I hit the wall! (Clamping from [x=11.113707, y=0.049900])";"30";"turtlesim3.sim";"1757652822.833058431";"/home/ikx/ros2_ws/src/ros_tutorials/turtlesim/src/turtle.cpp:update:288"
"Oh no! I hit the wall! (Clamping from [x=11.113707, y=0.049900])";"30";"turtlesim2.sim";"1757652822.826064762";"/home/ikx/ros2_ws/src/ros_tutorials/turtlesim/src/turtle.cpp:update:288"
"Oh no! I hit the wall! (Clamping from [x=11.113707, y=0.070100])";"30";"turtlesim3.sim";"1757652822.816673613";"/home/ikx/ros2_ws/src/ros_tutorials/turtlesim/src/turtle.cpp:update:288"
"Oh no! I hit the wall! (Clamping from [x=11.113707, y=0.070100])";"30";"turtlesim2.sim";"1757652822.809485465";"/home/ikx/ros2_ws/src/ros_tutorials/turtlesim/src/turtle.cpp:update:288"
"Oh no! I hit the wall! (Clamping from [x=11.113707, y=0.090301])";"30";"turtlesim3.sim";"1757652822.800991661";"/home/ikx/ros2_ws/src/ros_tutorials/turtlesim/src/turtle.cpp:update:288"
"Oh no! I hit the wall! (Clamping from [x=11.113707, y=0.090301])";"30";"turtlesim2.sim";"1757652822.793980263";"/home/ikx/ros2_ws/src/ros_tutorials/turtlesim/src/turtle.cpp:update:288"
"Oh no! I hit the wall! (Clamping from [x=11.113707, y=0.110501])";"30";"turtlesim3.sim";"1757652822.786804464";"/home/ikx/ros2_ws/src/ros_tutorials/turtlesim/src/turtle.cpp:update:288"
"Oh no! I hit the wall! (Clamping from [x=11.113707, y=0.110501])";"30";"turtlesim2.sim";"1757652822.777687783";"/home/ikx/ros2_ws/src/ros_tutorials/turtlesim/src/turtle.cpp:update:288"
"Oh no! I hit the wall! (Clamping from [x=11.113707, y=0.130702])";"30";"turtlesim3.sim";"1757652822.769405905";"/home/ikx/ros2_ws/src/ros_tutorials/turtlesim/src/turtle.cpp:update:288"
"Oh no! I hit the wall! (Clamping from [x=11.113707, y=0.130702])";"30";"turtlesim2.sim";"1757652822.761488193";"/home/ikx/ros2_ws/src/ros_tutorials/turtlesim/src/turtle.cpp:update:288"
"Oh no! I hit the wall! (Clamping from [x=11.113707, y=0.150902])";"30";"turtlesim3.sim";"1757652822.753134514";"/home/ikx/ros2_ws/src/ros_tutorials/turtlesim/src/turtle.cpp:update:288"
"Oh no! I hit the wall! (Clamping from [x=11.113707, y=0.150902])";"30";"turtlesim2.sim";"1757652822.746235374";"/home/ikx/ros2_ws/src/ros_tutorials/turtlesim/src/turtle.cpp:update:288"
"Oh no! I hit the wall! (Clamping from [x=11.113707, y=0.171103])";"30";"turtlesim3.sim";"1757652822.738429382";"/home/ikx/ros2_ws/src/ros_tutorials/turtlesim/src/turtle.cpp:update:288"
"Oh no! I hit the wall! (Clamping from [x=11.113707, y=0.171103])";"30";"turtlesim2.sim";"1757652822.729931012";"/home/ikx/ros2_ws/src/ros_tutorials/turtlesim/src/turtle.cpp:update:288"
"Oh no! I hit the wall! (Clamping from [x=11.113707, y=0.191304])";"30";"turtlesim3.sim";"1757652822.721318074";"/home/ikx/ros2_ws/src/ros_tutorials/turtlesim/src/turtle.cpp:update:288"
"Oh no! I hit the wall! (Clamping from [x=11.113707, y=0.191304])";"30";"turtlesim2.sim";"1757652822.714273954";"/home/ikx/ros2_ws/src/ros_tutorials/turtlesim/src/turtle.cpp:update:288"
"Oh no! I hit the wall! (Clamping from [x=11.113707, y=0.211504])";"30";"turtlesim3.sim";"1757652822.705238141";"/home/ikx/ros2_ws/src/ros_tutorials/turtlesim/src/turtle.cpp:update:288"
"Oh no! I hit the wall! (Clamping from [x=11.113707, y=0.211504])";"30";"turtlesim2.sim";"1757652822.697650985";"/home/ikx/ros2_ws/src/ros_tutorials/turtlesim/src/turtle.cpp:update:288"
"Oh no! I hit the wall! (Clamping from [x=11.113707, y=0.231705])";"30";"turtlesim3.sim";"1757652822.689405299";"/home/ikx/ros2_ws/src/ros_tutorials/turtlesim/src/turtle.cpp:update:288"
"Oh no! I hit the wall! (Clamping from [x=11.113707, y=0.231705])";"30";"turtlesim2.sim";"1757652822.681408846";"/home/ikx/ros2_ws/src/ros_tutorials/turtlesim/src/turtle.cpp:update:288"
"Oh no! I hit the wall! (Clamping from [x=11.113707, y=0.251905])";"30";"turtlesim3.sim";"1757652822.673321358";"/home/ikx/ros2_ws/src/ros_tutorials/turtlesim/src/turtle.cpp:update:288"
"Oh no! I hit the wall! (Clamping from [x=11.113707, y=0.251905])";"30";"turtlesim2.sim";"1757652822.665898132";"/home/ikx/ros2_ws/src/ros_tutorials/turtlesim/src/turtle.cpp:update:288"
"Oh no! I hit the wall! (Clamping from [x=11.113707, y=0.272106])";"30";"turtlesim3.sim";"1757652822.656594557";"/home/ikx/ros2_ws/src/ros_tutorials/turtlesim/src/turtle.cpp:update:288"
"Oh no! I hit the wall! (Clamping from [x=11.113707, y=0.272106])";"30";"turtlesim2.sim";"1757652822.650267028";"/home/ikx/ros2_ws/src/ros_tutorials/turtlesim/src/turtle.cpp:update:288"
"Oh no! I hit the wall! (Clamping from [x=11.113707, y=0.292306])";"30";"turtlesim3.sim";"1757652822.640638372";"/home/ikx/ros2_ws/src/ros_tutorials/turtlesim/src/turtle.cpp:update:288"
"Oh no! I hit the wall! (Clamping from [x=11.113707, y=0.292306])";"30";"turtlesim2.sim";"1757652822.633740359";"/home/ikx/ros2_ws/src/ros_tutorials/turtlesim/src/turtle.cpp:update:288"
"Oh no! I hit the wall! (Clamping from [x=11.113707, y=0.312507])";"30";"turtlesim3.sim";"1757652822.624647314";"/home/ikx/ros2_ws/src/ros_tutorials/turtlesim/src/turtle.cpp:update:288"
"Oh no! I hit the wall! (Clamping from [x=11.113707, y=0.312507])";"30";"turtlesim2.sim";"1757652822.617731244";"/home/ikx/ros2_ws/src/ros_tutorials/turtlesim/src/turtle.cpp:update:288"
"Oh no! I hit the wall! (Clamping from [x=11.113707, y=0.332707])";"30";"turtlesim3.sim";"1757652822.608834849";"/home/ikx/ros2_ws/src/ros_tutorials/turtlesim/src/turtle.cpp:update:288"
"Oh no! I hit the wall! (Clamping from [x=11.113707, y=0.332707])";"30";"turtlesim2.sim";"1757652822.601976418";"/home/ikx/ros2_ws/src/ros_tutorials/turtlesim/src/turtle.cpp:update:288"
"Oh no! I hit the wall! (Clamping from [x=11.113707, y=0.352908])";"30";"turtlesim3.sim";"1757652822.593263796";"/home/ikx/ros2_ws/src/ros_tutorials/turtlesim/src/turtle.cpp:update:288"
"Oh no! I hit the wall! (Clamping from [x=11.113707, y=0.352908])";"30";"turtlesim2.sim";"1757652822.585423749";"/home/ikx/ros2_ws/src/ros_tutorials/turtlesim/src/turtle.cpp:update:288"
"Oh no! I hit the wall! (Clamping from [x=11.113707, y=0.373108])";"30";"turtlesim3.sim";"1757652822.577394645";"/home/ikx/ros2_ws/src/ros_tutorials/turtlesim/src/turtle.cpp:update:288"
"Oh no! I hit the wall! (Clamping from [x=11.113707, y=0.373108])";"30";"turtlesim2.sim";"1757652822.569732887";"/home/ikx/ros2_ws/src/ros_tutorials/turtlesim/src/turtle.cpp:update:288"
"Oh no! I hit the wall! (Clamping from [x=11.113707, y=0.393309])";"30";"turtlesim3.sim";"1757652822.560805530";"/home/ikx/ros2_ws/src/ros_tutorials/turtlesim/src/turtle.cpp:update:288"
"Oh no! I hit the wall! (Clamping from [x=11.113707, y=0.393309])";"30";"turtlesim2.sim";"1757652822.554387948";"/home/ikx/ros2_ws/src/ros_tutorials/turtlesim/src/turtle.cpp:update:288"
"Oh no! I hit the wall! (Clamping from [x=11.113707, y=0.413509])";"30";"turtlesim3.sim";"1757652822.545397285";"/home/ikx/ros2_ws/src/ros_tutorials/turtlesim/src/turtle.cpp:update:288"
"Oh no! I hit the wall! (Clamping from [x=11.113707, y=0.413509])";"30";"turtlesim2.sim";"1757652822.538218050";"/home/ikx/ros2_ws/src/ros_tutorials/turtlesim/src/turtle.cpp:update:288"
"Oh no! I hit the wall! (Clamping from [x=11.113707, y=0.433710])";"30";"turtlesim3.sim";"1757652822.529308229";"/home/ikx/ros2_ws/src/ros_tutorials/turtlesim/src/turtle.cpp:update:288"
"Oh no! I hit the wall! (Clamping from [x=11.113707, y=0.433710])";"30";"turtlesim2.sim";"1757652822.521789283";"/home/ikx/ros2_ws/src/ros_tutorials/turtlesim/src/turtle.cpp:update:288"
"Oh no! I hit the wall! (Clamping from [x=11.113707, y=0.453910])";"30";"turtlesim3.sim";"1757652822.512762849";"/home/ikx/ros2_ws/src/ros_tutorials/turtlesim/src/turtle.cpp:update:288"
"Oh no! I hit the wall! (Clamping from [x=11.113707, y=0.453910])";"30";"turtlesim2.sim";"1757652822.506108799";"/home/ikx/ros2_ws/src/ros_tutorials/turtlesim/src/turtle.cpp:update:288"
"Oh no! I hit the wall! (Clamping from [x=11.113707, y=0.474111])";"30";"turtlesim3.sim";"1757652822.497422518";"/home/ikx/ros2_ws/src/ros_tutorials/turtlesim/src/turtle.cpp:update:288"
"Oh no! I hit the wall! (Clamping from [x=11.113707, y=0.474111])";"30";"turtlesim2.sim";"1757652822.489582401";"/home/ikx/ros2_ws/src/ros_tutorials/turtlesim/src/turtle.cpp:update:288"
"Oh no! I hit the wall! (Clamping from [x=11.113707, y=0.494312])";"30";"turtlesim3.sim";"1757652822.481503344";"/home/ikx/ros2_ws/src/ros_tutorials/turtlesim/src/turtle.cpp:update:288"
"Oh no! I hit the wall! (Clamping from [x=11.113707, y=0.494312])";"30";"turtlesim2.sim";"1757652822.473493279";"/home/ikx/ros2_ws/src/ros_tutorials/turtlesim/src/turtle.cpp:update:288"
"Oh no! I hit the wall! (Clamping from [x=11.113707, y=0.514512])";"30";"turtlesim3.sim";"1757652822.464803002";"/home/ikx/ros2_ws/src/ros_tutorials/turtlesim/src/turtle.cpp:update:288"
"Oh no! I hit the wall! (Clamping from [x=11.113707, y=0.514512])";"30";"turtlesim2.sim";"1757652822.457643634";"/home/ikx/ros2_ws/src/ros_tutorials/turtlesim/src/turtle.cpp:update:288"
"Oh no! I hit the wall! (Clamping from [x=11.113707, y=0.534713])";"30";"turtlesim3.sim";"1757652822.449125352";"/home/ikx/ros2_ws/src/ros_tutorials/turtlesim/src/turtle.cpp:update:288"
"Oh no! I hit the wall! (Clamping from [x=11.113707, y=0.534713])";"30";"turtlesim2.sim";"1757652822.442194819";"/home/ikx/ros2_ws/src/ros_tutorials/turtlesim/src/turtle.cpp:update:288"
"Oh no! I hit the wall! (Clamping from [x=11.113707, y=0.554913])";"30";"turtlesim3.sim";"1757652822.433398641";"/home/ikx/ros2_ws/src/ros_tutorials/turtlesim/src/turtle.cpp:update:288"
"Oh no! I hit the wall! (Clamping from [x=11.113707, y=0.554913])";"30";"turtlesim2.sim";"1757652822.425509463";"/home/ikx/ros2_ws/src/ros_tutorials/turtlesim/src/turtle.cpp:update:288"
"Oh no! I hit the wall! (Clamping from [x=11.113707, y=0.575114])";"30";"turtlesim3.sim";"1757652822.416986191";"/home/ikx/ros2_ws/src/ros_tutorials/turtlesim/src/turtle.cpp:update:288"
"Oh no! I hit the wall! (Clamping from [x=11.113707, y=0.575114])";"30";"turtlesim2.sim";"1757652822.410002913";"/home/ikx/ros2_ws/src/ros_tutorials/turtlesim/src/turtle.cpp:update:288"
"Oh no! I hit the wall! (Clamping from [x=11.113707, y=0.595314])";"30";"turtlesim3.sim";"1757652822.401197596";"/home/ikx/ros2_ws/src/ros_tutorials/turtlesim/src/turtle.cpp:update:288"
"Oh no! I hit the wall! (Clamping from [x=11.113707, y=0.595314])";"30";"turtlesim2.sim";"1757652822.394328518";"/home/ikx/ros2_ws/src/ros_tutorials/turtlesim/src/turtle.cpp:update:288"
"Oh no! I hit the wall! (Clamping from [x=11.113707, y=0.615515])";"30";"turtlesim3.sim";"1757652822.384915612";"/home/ikx/ros2_ws/src/ros_tutorials/turtlesim/src/turtle.cpp:update:288"
"Oh no! I hit the wall! (Clamping from [x=11.113707, y=0.615515])";"30";"turtlesim2.sim";"1757652822.377848091";"/home/ikx/ros2_ws/src/ros_tutorials/turtlesim/src/turtle.cpp:update:288"
"Oh no! I hit the wall! (Clamping from [x=11.113707, y=0.635715])";"30";"turtlesim3.sim";"1757652822.369055078";"/home/ikx/ros2_ws/src/ros_tutorials/turtlesim/src/turtle.cpp:update:288"
"Oh no! I hit the wall! (Clamping from [x=11.113707, y=0.635715])";"30";"turtlesim2.sim";"1757652822.361940994";"/home/ikx/ros2_ws/src/ros_tutorials/turtlesim/src/turtle.cpp:update:288"
"Oh no! I hit the wall! (Clamping from [x=11.113707, y=0.655916])";"30";"turtlesim3.sim";"1757652822.353864903";"/home/ikx/ros2_ws/src/ros_tutorials/turtlesim/src/turtle.cpp:update:288"
"Oh no! I hit the wall! (Clamping from [x=11.113707, y=0.655916])";"30";"turtlesim2.sim";"1757652822.346265237";"/home/ikx/ros2_ws/src/ros_tutorials/turtlesim/src/turtle.cpp:update:288"
"Oh no! I hit the wall! (Clamping from [x=11.113707, y=0.676116])";"30";"turtlesim3.sim";"1757652822.337482956";"/home/ikx/ros2_ws/src/ros_tutorials/turtlesim/src/turtle.cpp:update:288"
"Oh no! I hit the wall! (Clamping from [x=11.113707, y=0.676116])";"30";"turtlesim2.sim";"1757652822.329446899";"/home/ikx/ros2_ws/src/ros_tutorials/turtlesim/src/turtle.cpp:update:288"
"Oh no! I hit the wall! (Clamping from [x=11.113707, y=0.696317])";"30";"turtlesim3.sim";"1757652822.321161879";"/home/ikx/ros2_ws/src/ros_tutorials/turtlesim/src/turtle.cpp:update:288"
"Oh no! I hit the wall! (Clamping from [x=11.113707, y=0.696317])";"30";"turtlesim2.sim";"1757652822.314124707";"/home/ikx/ros2_ws/src/ros_tutorials/turtlesim/src/turtle.cpp:update:288"
"Oh no! I hit the wall! (Clamping from [x=11.113707, y=0.716517])";"30";"turtlesim3.sim";"1757652822.305302508";"/home/ikx/ros2_ws/src/ros_tutorials/turtlesim/src/turtle.cpp:update:288"
"Oh no! I hit the wall! (Clamping from [x=11.113707, y=0.716517])";"30";"turtlesim2.sim";"1757652822.297889752";"/home/ikx/ros2_ws/src/ros_tutorials/turtlesim/src/turtle.cpp:update:288"
"Oh no! I hit the wall! (Clamping from [x=11.113707, y=0.736718])";"30";"turtlesim3.sim";"1757652822.289092566";"/home/ikx/ros2_ws/src/ros_tutorials/turtlesim/src/turtle.cpp:update:288"
"Oh no! I hit the wall! (Clamping from [x=11.113707, y=0.736718])";"30";"turtlesim2.sim";"1757652822.281512762";"/home/ikx/ros2_ws/src/ros_tutorials/turtlesim/src/turtle.cpp:update:288"
"Oh no! I hit the wall! (Clamping from [x=11.113707, y=0.756918])";"30";"turtlesim3.sim";"1757652822.273265884";"/home/ikx/ros2_ws/src/ros_tutorials/turtlesim/src/turtle.cpp:update:288"
"Oh no! I hit the wall! (Clamping from [x=11.113707, y=0.756918])";"30";"turtlesim2.sim";"1757652822.266076709";"/home/ikx/ros2_ws/src/ros_tutorials/turtlesim/src/turtle.cpp:update:288"
"Oh no! I hit the wall! (Clamping from [x=11.113707, y=0.777119])";"30";"turtlesim3.sim";"1757652822.257096195";"/home/ikx/ros2_ws/src/ros_tutorials/turtlesim/src/turtle.cpp:update:288"
"Oh no! I hit the wall! (Clamping from [x=11.113707, y=0.777119])";"30";"turtlesim2.sim";"1757652822.250260802";"/home/ikx/ros2_ws/src/ros_tutorials/turtlesim/src/turtle.cpp:update:288"
"Oh no! I hit the wall! (Clamping from [x=11.113707, y=0.797319])";"30";"turtlesim3.sim";"1757652822.241214981";"/home/ikx/ros2_ws/src/ros_tutorials/turtlesim/src/turtle.cpp:update:288"
"Oh no! I hit the wall! (Clamping from [x=11.113707, y=0.797319])";"30";"turtlesim2.sim";"1757652822.234368719";"/home/ikx/ros2_ws/src/ros_tutorials/turtlesim/src/turtle.cpp:update:288"
"Oh no! I hit the wall! (Clamping from [x=11.113707, y=0.817520])";"30";"turtlesim3.sim";"1757652822.224465170";"/home/ikx/ros2_ws/src/ros_tutorials/turtlesim/src/turtle.cpp:update:288"
"Oh no! I hit the wall! (Clamping from [x=11.113707, y=0.817520])";"30";"turtlesim2.sim";"1757652822.218102893";"/home/ikx/ros2_ws/src/ros_tutorials/turtlesim/src/turtle.cpp:update:288"
"Oh no! I hit the wall! (Clamping from [x=11.113707, y=0.837721])";"30";"turtlesim3.sim";"1757652822.209300338";"/home/ikx/ros2_ws/src/ros_tutorials/turtlesim/src/turtle.cpp:update:288"
"Oh no! I hit the wall! (Clamping from [x=11.113707, y=0.837721])";"30";"turtlesim2.sim";"1757652822.202136731";"/home/ikx/ros2_ws/src/ros_tutorials/turtlesim/src/turtle.cpp:update:288"
"Oh no! I hit the wall! (Clamping from [x=11.113707, y=0.857921])";"30";"turtlesim3.sim";"1757652822.193358821";"/home/ikx/ros2_ws/src/ros_tutorials/turtlesim/src/turtle.cpp:update:288"
"Oh no! I hit the wall! (Clamping from [x=11.113707, y=0.857921])";"30";"turtlesim2.sim";"1757652822.185531906";"/home/ikx/ros2_ws/src/ros_tutorials/turtlesim/src/turtle.cpp:update:288"
"Oh no! I hit the wall! (Clamping from [x=11.113707, y=0.878122])";"30";"turtlesim3.sim";"1757652822.176564878";"/home/ikx/ros2_ws/src/ros_tutorials/turtlesim/src/turtle.cpp:update:288"
"Oh no! I hit the wall! (Clamping from [x=11.113707, y=0.878122])";"30";"turtlesim2.sim";"1757652822.170117662";"/home/ikx/ros2_ws/src/ros_tutorials/turtlesim/src/turtle.cpp:update:288"
"Oh no! I hit the wall! (Clamping from [x=11.113707, y=0.898322])";"30";"turtlesim3.sim";"1757652822.161130723";"/home/ikx/ros2_ws/src/ros_tutorials/turtlesim/src/turtle.cpp:update:288"
"Oh no! I hit the wall! (Clamping from [x=11.113707, y=0.898322])";"30";"turtlesim2.sim";"1757652822.153641689";"/home/ikx/ros2_ws/src/ros_tutorials/turtlesim/src/turtle.cpp:update:288"
"Oh no! I hit the wall! (Clamping from [x=11.113707, y=0.918523])";"30";"turtlesim3.sim";"1757652822.144884517";"/home/ikx/ros2_ws/src/ros_tutorials/turtlesim/src/turtle.cpp:update:288"
"Oh no! I hit the wall! (Clamping from [x=11.113707, y=0.918523])";"30";"turtlesim2.sim";"1757652822.137720484";"/home/ikx/ros2_ws/src/ros_tutorials/turtlesim/src/turtle.cpp:update:288"
"Oh no! I hit the wall! (Clamping from [x=11.113707, y=0.938723])";"30";"turtlesim3.sim";"1757652822.128842981";"/home/ikx/ros2_ws/src/ros_tutorials/turtlesim/src/turtle.cpp:update:288"
"Oh no! I hit the wall! (Clamping from [x=11.113707, y=0.938723])";"30";"turtlesim2.sim";"1757652822.121561354";"/home/ikx/ros2_ws/src/ros_tutorials/turtlesim/src/turtle.cpp:update:288"
"Oh no! I hit the wall! (Clamping from [x=11.113707, y=0.958924])";"30";"turtlesim3.sim";"1757652822.112642170";"/home/ikx/ros2_ws/src/ros_tutorials/turtlesim/src/turtle.cpp:update:288"
"Oh no! I hit the wall! (Clamping from [x=11.113707, y=0.958924])";"30";"turtlesim2.sim";"1757652822.105704214";"/home/ikx/ros2_ws/src/ros_tutorials/turtlesim/src/turtle.cpp:update:288"
"Oh no! I hit the wall! (Clamping from [x=11.113707, y=0.979124])";"30";"turtlesim3.sim";"1757652822.096879688";"/home/ikx/ros2_ws/src/ros_tutorials/turtlesim/src/turtle.cpp:update:288"
"Oh no! I hit the wall! (Clamping from [x=11.113707, y=0.979124])";"30";"turtlesim2.sim";"1757652822.089564940";"/home/ikx/ros2_ws/src/ros_tutorials/turtlesim/src/turtle.cpp:update:288"
"Oh no! I hit the wall! (Clamping from [x=11.113707, y=0.999325])";"30";"turtlesim3.sim";"1757652822.080634773";"/home/ikx/ros2_ws/src/ros_tutorials/turtlesim/src/turtle.cpp:update:288"
"Oh no! I hit the wall! (Clamping from [x=11.113707, y=0.999325])";"30";"turtlesim2.sim";"1757652822.074363259";"/home/ikx/ros2_ws/src/ros_tutorials/turtlesim/src/turtle.cpp:update:288"
"Oh no! I hit the wall! (Clamping from [x=11.103701, y=1.019525])";"30";"turtlesim3.sim";"1757652822.064534898";"/home/ikx/ros2_ws/src/ros_tutorials/turtlesim/src/turtle.cpp:update:288"
"Oh no! I hit the wall! (Clamping from [x=11.103701, y=1.019525])";"30";"turtlesim2.sim";"1757652822.057838460";"/home/ikx/ros2_ws/src/ros_tutorials/turtlesim/src/turtle.cpp:update:288"
"Spawning turtle [turtle1] at x=[5.544445], y=[5.544445], theta=[0.000000]";"20";"turtlesim1.sim";"1757652785.513646800";"/home/ikx/ros2_ws/src/ros_tutorials/turtlesim/src/turtle_frame.cpp:spawnTurtle:248"
"Starting turtlesim with node name /turtlesim1/sim";"20";"turtlesim1.sim";"1757652785.500412936";"/home/ikx/ros2_ws/src/ros_tutorials/turtlesim/src/turtle_frame.cpp:TurtleFrame:147"
"Spawning turtle [turtle1] at x=[5.544445], y=[5.544445], theta=[0.000000]";"20";"turtlesim2.sim";"1757652785.509864296";"/home/ikx/ros2_ws/src/ros_tutorials/turtlesim/src/turtle_frame.cpp:spawnTurtle:248"
"Spawning turtle [turtle1] at x=[5.544445], y=[5.544445], theta=[0.000000]";"20";"turtlesim3.sim";"1757652785.505541109";"/home/ikx/ros2_ws/src/ros_tutorials/turtlesim/src/turtle_frame.cpp:spawnTurtle:248"
"Starting turtlesim with node name /turtlesim2/sim";"20";"turtlesim2.sim";"1757652785.496282257";"/home/ikx/ros2_ws/src/ros_tutorials/turtlesim/src/turtle_frame.cpp:TurtleFrame:147"
"Starting turtlesim with node name /turtlesim3/sim";"20";"turtlesim3.sim";"1757652785.496282280";"/home/ikx/ros2_ws/src/ros_tutorials/turtlesim/src/turtle_frame.cpp:TurtleFrame:147"
